{
	"_type": "export",
	"__export_format": 3,
	"__export_date": "2018-06-11T16:53:43.398Z",
	"__export_source": "insomnia.desktop.app:v5.16.6",
	"resources": [
		{
			"_id": "wrk_6523daa32ee74be9953ad5a370dcfba1",
			"created": 1525811619449,
			"description": "",
			"modified": 1525811619449,
			"name": "ADM",
			"parentId": null,
			"_type": "workspace"
		},
		{
			"_id": "env_e06bfc2a37994024bea0511bb765f1b1",
			"color": null,
			"created": 1525811619456,
			"data": {},
			"isPrivate": false,
			"modified": 1525811765601,
			"name": "Base Environment",
			"parentId": "wrk_6523daa32ee74be9953ad5a370dcfba1",
			"_type": "environment"
		},
		{
			"_id": "jar_4b21ef7cb93a4a09bbda340156fa63b3",
			"cookies": [],
			"created": 1525811619500,
			"modified": 1525811619500,
			"name": "Default Jar",
			"parentId": "wrk_6523daa32ee74be9953ad5a370dcfba1",
			"_type": "cookie_jar"
		},
		{
			"_id": "fld_24397f5982aa4c4db2f0c5561e0ba0fc",
			"created": 1525811619545,
			"description": "",
			"environment": {},
			"metaSortKey": -1513542949860.5938,
			"modified": 1525811669057,
			"name": "Menu",
			"parentId": "wrk_6523daa32ee74be9953ad5a370dcfba1",
			"_type": "request_group"
		},
		{
			"_id": "fld_b56e86228f164564a4f62562aee3250c",
			"created": 1525811619549,
			"description": "",
			"environment": {},
			"metaSortKey": -1513783154533.4375,
			"modified": 1525811658367,
			"name": "Domain",
			"parentId": "wrk_6523daa32ee74be9953ad5a370dcfba1",
			"_type": "request_group"
		},
		{
			"_id": "fld_36a7d7657f754f639705f16944ebec0e",
			"created": 1525811619551,
			"description": "",
			"environment": {},
			"metaSortKey": -1513863222757.7188,
			"modified": 1525811666555,
			"name": "Archive",
			"parentId": "wrk_6523daa32ee74be9953ad5a370dcfba1",
			"_type": "request_group"
		},
		{
			"_id": "fld_f0c2741fba80456b842ef7abc50a163a",
			"created": 1525811619555,
			"description": "",
			"environment": {},
			"metaSortKey": -1513302745187.75,
			"modified": 1525811654552,
			"name": "Process",
			"parentId": "wrk_6523daa32ee74be9953ad5a370dcfba1",
			"_type": "request_group"
		},
		{
			"_id": "fld_4d1eac0ea12a4c8486d693823b2ffa26",
			"created": 1525964223887,
			"description": "",
			"environment": {},
			"metaSortKey": -1513302745137.75,
			"modified": 1525964264805,
			"name": "Transaction",
			"parentId": "wrk_6523daa32ee74be9953ad5a370dcfba1",
			"_type": "request_group"
		},
		{
			"_id": "fld_5f87560a6c3745f7b43d1722e4c466ff",
			"created": 1525969057577,
			"description": "",
			"environment": {},
			"metaSortKey": -1513703086304.4688,
			"modified": 1525969063656,
			"name": "Dominio",
			"parentId": "wrk_6523daa32ee74be9953ad5a370dcfba1",
			"_type": "request_group"
		},
		{
			"_id": "fld_14031e96b04d41678627dfa318758099",
			"created": 1525978130025,
			"description": "",
			"environment": {},
			"metaSortKey": -1513863222807.7188,
			"modified": 1525978137753,
			"name": "Login",
			"parentId": "wrk_6523daa32ee74be9953ad5a370dcfba1",
			"_type": "request_group"
		},
		{
			"_id": "fld_786a2a190990452587b98f5644fa789a",
			"created": 1528726036467,
			"description": "",
			"environment": {},
			"metaSortKey": -1513142608700.125,
			"modified": 1528726040449,
			"name": "User",
			"parentId": "wrk_6523daa32ee74be9953ad5a370dcfba1",
			"_type": "request_group"
		},
		{
			"_id": "fld_2d525296eba94c488c3ac0556213634a",
			"created": 1528735179228,
			"description": "",
			"environment": {},
			"metaSortKey": -1513623018082.5312,
			"modified": 1528735187361,
			"name": "Enterprise",
			"parentId": "wrk_6523daa32ee74be9953ad5a370dcfba1",
			"_type": "request_group"
		},
		{
			"_id": "env_70be2e39e71a4376ba1a2dea6ba3072a",
			"color": null,
			"created": 1525811835845,
			"data": {
				"password": "fesc123",
				"uaa": "http://zuul.dev.fesc.net/uaa/oauth/token",
				"url": "http://localhost:8090/adm",
				"username": "admin"
			},
			"isPrivate": false,
			"modified": 1528312285666,
			"name": "development",
			"parentId": "env_e06bfc2a37994024bea0511bb765f1b1",
			"_type": "environment"
		},
		{
			"_id": "env_b6d2d26ef1044f08ad0ad68e78b36ff0",
			"color": null,
			"created": 1525978077745,
			"data": {
				"password": "fesc123",
				"uaa": "http://zuul.dev.fesc.net/uaa/oauth/token",
				"url": "http://zuul.dev.fesc.net/adm",
				"username": "admin"
			},
			"isPrivate": false,
			"modified": 1526913963521,
			"name": "zuul.dev.fesc.net",
			"parentId": "env_e06bfc2a37994024bea0511bb765f1b1",
			"_type": "environment"
		},
		{
			"_id": "env_a15f435dcbc940859807bbef5360b291",
			"color": null,
			"created": 1526387392344,
			"data": {
				"password": "fesc123",
				"uaa": "http://zuul.dev.fesc.net/uaa/oauth/token",
				"url": "http://localhost:8080/adm",
				"username": "admin"
			},
			"isPrivate": false,
			"modified": 1528736008122,
			"name": "gateway",
			"parentId": "env_e06bfc2a37994024bea0511bb765f1b1",
			"_type": "environment"
		},
		{
			"_id": "env_67b44ce8d3374df28d7ba1c7a03db4a7",
			"color": null,
			"created": 1526941803671,
			"data": {
				"password": "fesc123",
				"uaa": "http://zuul.hml.fesc.net/uaa/oauth/token",
				"url": "http://zuul.hml.fesc.net/adm",
				"username": "admin"
			},
			"isPrivate": false,
			"modified": 1526942266220,
			"name": "zuul.hml.fesc.net",
			"parentId": "env_e06bfc2a37994024bea0511bb765f1b1",
			"_type": "environment"
		},
		{
			"_id": "req_7d529d5c1eb84d34afca23c769812f0f",
			"authentication": {
				"accessTokenUrl": "{{ uaa  }}",
				"clientId": "uaa-client",
				"clientSecret": "uaa-secret",
				"disabled": false,
				"grantType": "password",
				"password": "{{ password  }}",
				"type": "oauth2",
				"username": "{{ username  }}"
			},
			"body": {},
			"created": 1525811619546,
			"description": "",
			"headers": [
				{
					"disabled": false,
					"id": "pair_64e162c3fa664e0cb12fb20ad1e8ddea",
					"name": "Origin",
					"value": "http://aeho.com"
				}
			],
			"isPrivate": false,
			"metaSortKey": -1512662442527.625,
			"method": "GET",
			"modified": 1527859100507,
			"name": "all",
			"parameters": [],
			"parentId": "fld_24397f5982aa4c4db2f0c5561e0ba0fc",
			"settingDisableRenderRequestBody": false,
			"settingEncodeUrl": true,
			"settingRebuildPath": true,
			"settingSendCookies": true,
			"settingStoreCookies": true,
			"url": "{{ url  }}/menu/all",
			"_type": "request"
		},
		{
			"_id": "req_1f1a772836634557a9726f16be565065",
			"authentication": {
				"accessTokenUrl": "{{ uaa  }}",
				"clientId": "uaa-client",
				"clientSecret": "uaa-secret",
				"disabled": false,
				"grantType": "password",
				"password": "{{ password  }}",
				"type": "oauth2",
				"username": "{{ username  }}"
			},
			"body": {},
			"created": 1525811619547,
			"description": "",
			"headers": [],
			"isPrivate": false,
			"metaSortKey": -1512662442502.625,
			"method": "GET",
			"modified": 1525816752828,
			"name": "loadDomain",
			"parameters": [],
			"parentId": "fld_24397f5982aa4c4db2f0c5561e0ba0fc",
			"settingDisableRenderRequestBody": false,
			"settingEncodeUrl": true,
			"settingRebuildPath": true,
			"settingSendCookies": true,
			"settingStoreCookies": true,
			"url": "{{ url  }}/menu/loadDomain",
			"_type": "request"
		},
		{
			"_id": "req_b4f7327d80064b51818fd4c808cce222",
			"authentication": {
				"accessTokenUrl": "{{ uaa  }}",
				"clientId": "uaa-client",
				"clientSecret": "uaa-secret",
				"disabled": false,
				"grantType": "password",
				"password": "{{ password  }}",
				"type": "oauth2",
				"username": "{{ username  }}"
			},
			"body": {},
			"created": 1525811619550,
			"description": "",
			"headers": [],
			"isPrivate": false,
			"metaSortKey": -1512662442477.625,
			"method": "GET",
			"modified": 1526942284593,
			"name": "all",
			"parameters": [],
			"parentId": "fld_b56e86228f164564a4f62562aee3250c",
			"settingDisableRenderRequestBody": false,
			"settingEncodeUrl": true,
			"settingRebuildPath": true,
			"settingSendCookies": true,
			"settingStoreCookies": true,
			"url": "{{ url  }}/domain/all",
			"_type": "request"
		},
		{
			"_id": "req_c3924f65ece1412aaed78ce5c5e7967e",
			"authentication": {
				"accessTokenUrl": "{{ uaa  }}",
				"clientId": "uaa-client",
				"clientSecret": "uaa-secret",
				"grantType": "password",
				"password": "{{ password  }}",
				"type": "oauth2",
				"username": "{{ username  }}"
			},
			"body": {},
			"created": 1525811619552,
			"description": "",
			"headers": [],
			"isPrivate": false,
			"metaSortKey": -1512662442477.625,
			"method": "GET",
			"modified": 1525817118053,
			"name": "getByUUID",
			"parameters": [],
			"parentId": "fld_36a7d7657f754f639705f16944ebec0e",
			"settingDisableRenderRequestBody": false,
			"settingEncodeUrl": true,
			"settingRebuildPath": true,
			"settingSendCookies": true,
			"settingStoreCookies": true,
			"url": "{{ url  }}/archive/getByUUID/5951e51f-977f-4f9f-905c-b53a17a27d92",
			"_type": "request"
		},
		{
			"_id": "req_bb5fdc2fdcf244d1b2b839706601d090",
			"authentication": {
				"token": "{{ token  }}",
				"type": "bearer"
			},
			"body": {
				"mimeType": "multipart/form-data",
				"params": [
					{
						"fileName": "/home/rafael/Documents/drop_all.sql",
						"id": "pair_21cc8cf78a094bc784720c25b5b1791e",
						"name": "file",
						"type": "file",
						"value": ""
					}
				]
			},
			"created": 1525811619554,
			"description": "",
			"headers": [
				{
					"id": "pair_0e858476c7b1414a813aa4356e21831d",
					"name": "content-type",
					"value": "multipart/form-data"
				},
				{
					"id": "pair_7f6c9203392a48cbb21af4dbdf167a2e",
					"name": "",
					"value": ""
				}
			],
			"isPrivate": false,
			"metaSortKey": -1512662419577.0625,
			"method": "POST",
			"modified": 1525811619554,
			"name": "send",
			"parameters": [],
			"parentId": "fld_36a7d7657f754f639705f16944ebec0e",
			"settingDisableRenderRequestBody": false,
			"settingEncodeUrl": true,
			"settingRebuildPath": true,
			"settingSendCookies": true,
			"settingStoreCookies": true,
			"url": "{{ url  }}/adm/archive/send",
			"_type": "request"
		},
		{
			"_id": "req_5bdfe83a2fc94f52bd3d17b68d6161bf",
			"authentication": {
				"accessTokenUrl": "{{ uaa  }}",
				"clientId": "uaa-client",
				"clientSecret": "uaa-secret",
				"disabled": false,
				"grantType": "password",
				"password": "{{ password  }}",
				"type": "oauth2",
				"username": "{{ username  }}"
			},
			"body": {},
			"created": 1525811619557,
			"description": "",
			"headers": [],
			"isPrivate": false,
			"metaSortKey": -1512662442527.625,
			"method": "GET",
			"modified": 1525817064755,
			"name": "all",
			"parameters": [],
			"parentId": "fld_f0c2741fba80456b842ef7abc50a163a",
			"settingDisableRenderRequestBody": false,
			"settingEncodeUrl": true,
			"settingRebuildPath": true,
			"settingSendCookies": true,
			"settingStoreCookies": true,
			"url": "{{ url  }}/process/all",
			"_type": "request"
		},
		{
			"_id": "req_7b9c15b7696b45b1b15d69c3b2a12acd",
			"authentication": {
				"accessTokenUrl": "{{ uaa  }}",
				"clientId": "uaa-client",
				"clientSecret": "uaa-secret",
				"disabled": false,
				"grantType": "password",
				"password": "{{ password  }}",
				"type": "oauth2",
				"username": "{{ username  }}"
			},
			"body": {},
			"created": 1525964223894,
			"description": "",
			"headers": [],
			"isPrivate": false,
			"metaSortKey": -1512662442527.625,
			"method": "GET",
			"modified": 1525964278089,
			"name": "permission",
			"parameters": [],
			"parentId": "fld_4d1eac0ea12a4c8486d693823b2ffa26",
			"settingDisableRenderRequestBody": false,
			"settingEncodeUrl": true,
			"settingRebuildPath": true,
			"settingSendCookies": true,
			"settingStoreCookies": true,
			"url": "{{ url  }}/transaction/permission",
			"_type": "request"
		},
		{
			"_id": "req_a06da255f6894375a9dab005a7d9aa2d",
			"authentication": {
				"accessTokenUrl": "{{ uaa  }}",
				"clientId": "uaa-client",
				"clientSecret": "uaa-secret",
				"disabled": false,
				"grantType": "password",
				"password": "{{ password  }}",
				"type": "oauth2",
				"username": "{{ username  }}"
			},
			"body": {},
			"created": 1525969057579,
			"description": "",
			"headers": [],
			"isPrivate": false,
			"metaSortKey": -1512662442477.625,
			"method": "GET",
			"modified": 1528305535200,
			"name": "items",
			"parameters": [],
			"parentId": "fld_5f87560a6c3745f7b43d1722e4c466ff",
			"settingDisableRenderRequestBody": false,
			"settingEncodeUrl": true,
			"settingRebuildPath": true,
			"settingSendCookies": true,
			"settingStoreCookies": true,
			"url": "{{ url  }}/dominios/TIPO_GUIA_SOLICITACAO",
			"_type": "request"
		},
		{
			"_id": "req_b106c5c84db64b71b07e4a428bb5ed2e",
			"authentication": {
				"accessTokenUrl": "{{ uaa  }}",
				"clientId": "uaa-client",
				"clientSecret": "uaa-secret",
				"disabled": false,
				"grantType": "password",
				"password": "{{ password  }}",
				"type": "oauth2",
				"username": "{{ username  }}"
			},
			"body": {},
			"created": 1525972770220,
			"description": "",
			"headers": [],
			"isPrivate": false,
			"metaSortKey": -1512662431027.3438,
			"method": "GET",
			"modified": 1527710351194,
			"name": "item",
			"parameters": [],
			"parentId": "fld_5f87560a6c3745f7b43d1722e4c466ff",
			"settingDisableRenderRequestBody": false,
			"settingEncodeUrl": true,
			"settingRebuildPath": true,
			"settingSendCookies": true,
			"settingStoreCookies": true,
			"url": "{{ url  }}/dominios/ENVIADA_RECEBIDA/E",
			"_type": "request"
		},
		{
			"_id": "req_25fcfb4436e240feaedf6dac0e84f987",
			"authentication": {},
			"body": {
				"mimeType": "application/json",
				"text": "{\n\t\"login\": \"976.admin\",\n\t\"password\": \"fesc123\"\n}"
			},
			"created": 1525978130034,
			"description": "",
			"headers": [
				{
					"id": "pair_0e858476c7b1414a813aa4356e21831d",
					"name": "content-type",
					"value": "application/json"
				}
			],
			"isPrivate": false,
			"metaSortKey": -1512662419577.0625,
			"method": "POST",
			"modified": 1525978445884,
			"name": "login",
			"parameters": [],
			"parentId": "fld_14031e96b04d41678627dfa318758099",
			"settingDisableRenderRequestBody": false,
			"settingEncodeUrl": true,
			"settingRebuildPath": true,
			"settingSendCookies": true,
			"settingStoreCookies": true,
			"url": "{{ url  }}/login",
			"_type": "request"
		},
		{
			"_id": "req_72ae949cd20d4fbfb37f8b577a8d4a99",
			"authentication": {
				"accessTokenUrl": "{{ uaa  }}",
				"clientId": "uaa-client",
				"clientSecret": "uaa-secret",
				"disabled": false,
				"grantType": "password",
				"password": "{{ password  }}",
				"type": "oauth2",
				"username": "{{ username  }}"
			},
			"body": {},
			"created": 1526306680199,
			"description": "",
			"headers": [],
			"isPrivate": false,
			"metaSortKey": -1512662419527.0625,
			"method": "GET",
			"modified": 1526306697578,
			"name": "loadParameter",
			"parameters": [],
			"parentId": "fld_14031e96b04d41678627dfa318758099",
			"settingDisableRenderRequestBody": false,
			"settingEncodeUrl": true,
			"settingRebuildPath": true,
			"settingSendCookies": true,
			"settingStoreCookies": true,
			"url": "{{ url  }}/login/loadParameter",
			"_type": "request"
		},
		{
			"_id": "req_f3b9b154a41042deb4c402d7d8ef9b76",
			"authentication": {
				"accessTokenUrl": "{{ uaa  }}",
				"clientId": "uaa-client",
				"clientSecret": "uaa-secret",
				"disabled": false,
				"grantType": "password",
				"password": "{{ password  }}",
				"type": "oauth2",
				"username": "{{ username  }}"
			},
			"body": {
				"mimeType": "application/x-www-form-urlencoded",
				"params": [
					{
						"id": "pair_ccf5bff54fbf4845ad8d3f848a4351a2",
						"name": "login",
						"value": "admin"
					}
				]
			},
			"created": 1528726036474,
			"description": "",
			"headers": [
				{
					"id": "pair_368e17686e6249e3b50bccd2c6b5dc2b",
					"name": "Content-Type",
					"value": "application/x-www-form-urlencoded"
				}
			],
			"isPrivate": false,
			"metaSortKey": -1512662442527.625,
			"method": "POST",
			"modified": 1528735578632,
			"name": "findByLogin",
			"parameters": [],
			"parentId": "fld_786a2a190990452587b98f5644fa789a",
			"settingDisableRenderRequestBody": false,
			"settingEncodeUrl": true,
			"settingRebuildPath": true,
			"settingSendCookies": true,
			"settingStoreCookies": true,
			"url": "{{ url  }}/user/findByLogin",
			"_type": "request"
		},
		{
			"_id": "req_d850be5951284bac8f15eaf53329c999",
			"authentication": {
				"accessTokenUrl": "{{ uaa  }}",
				"clientId": "uaa-client",
				"clientSecret": "uaa-secret",
				"grantType": "password",
				"password": "{{ password  }}",
				"type": "oauth2",
				"username": "{{ username  }}"
			},
			"body": {
				"mimeType": "application/json",
				"text": "{\n\t\"pk\": {\n\t\t\"id\": 2\n\t},\n\t\"enterpriseName\": \"aeho\",\n\t\"businessGroup\": {\n\t\t\"pk\": {\n\t\t\t\"id\": 1\n\t\t}\n\t}\n}"
			},
			"created": 1528735179234,
			"description": "",
			"headers": [
				{
					"id": "pair_4564e88717d6424ea86df0f94ab810a6",
					"name": "Content-Type",
					"value": "application/json"
				}
			],
			"isPrivate": false,
			"metaSortKey": -1512662442477.625,
			"method": "POST",
			"modified": 1528735378180,
			"name": "create",
			"parameters": [],
			"parentId": "fld_2d525296eba94c488c3ac0556213634a",
			"settingDisableRenderRequestBody": false,
			"settingEncodeUrl": true,
			"settingRebuildPath": true,
			"settingSendCookies": true,
			"settingStoreCookies": true,
			"url": "{{ url  }}/enterprise/insert",
			"_type": "request"
		}
	]
}